scene_id,im_id,obj_id,score,R,t,time
000059,000001,2,0.0,0.026294030620999415 -0.9983859569958321 0.050339892999672786 0.8410968983032482 -0.005119281816573187 -0.5408602412993007 0.5402449737094804 0.056562123609347176 0.8396047251858719,-226.3291150361446 -47.80975626077958 3406.2397863996284,0.5518801212310791
000059,000001,4,0.0,0.17471753868875017 0.9845845703688394 0.008185686663508607 0.4821280636850094 -0.07830047705742149 -0.8725947315334444 -0.8585023656821738 0.15640415302730365 -0.4883763190756929,-63.07083351401714 86.63253740902945 846.5231409054754,2.514735460281372
000059,000001,6,0.0,0.0275040283544864 -0.9988326570745947 0.039709590599515676 -0.5208470452548009 -0.048225644247950616 -0.8522867138975088 0.8532068236211074 0.0027586950131532895 -0.521565437628113,45.08045924266836 70.9275006466087 965.6850436594162,0.7271780967712402
000059,000001,9,0.0,0.6471564629017191 0.5796186152512884 0.4952078082772068 0.3331306671947292 0.3692699869520608 -0.8675618913431015 -0.68572040300616 0.7264171925213524 0.04588672259451289,-130.30405175584625 3.6704466740634945 1719.2553355211649,0.36791563034057617
000059,000001,15,0.0,0.6096960909852347 0.775094313974922 -0.16582967491094286 -0.1796390977629972 -0.06864855666056016 -0.9813343824728236 -0.7720106677969032 0.6281052301264229 0.0973824865959623,-79.98575477138095 -103.73241589318793 1012.8377057984819,23.1775860786438
000059,000001,18,0.0,0.9476133910422369 0.297897305022919 -0.11526515855849373 -0.2843888125342985 0.6225369990701525 -0.7290889438841194 -0.1454368055987354 0.7236745680544611 0.6746430575707606,29.90893325491025 120.73524164871085 740.0880479474737,0.9576587677001953
